PRAGMA foreign_keys=OFF;
BEGIN TRANSACTION;
CREATE TABLE IF NOT EXISTS "django_migrations" ("id" integer NOT NULL PRIMARY KEY AUTOINCREMENT, "app" varchar(255) NOT NULL, "name" varchar(255) NOT NULL, "applied" datetime NOT NULL);
INSERT INTO django_migrations VALUES(1,'contenttypes','0001_initial','2020-12-03 14:12:18.349719');
INSERT INTO django_migrations VALUES(2,'auth','0001_initial','2020-12-03 14:12:18.373030');
INSERT INTO django_migrations VALUES(3,'admin','0001_initial','2020-12-03 14:12:18.393241');
INSERT INTO django_migrations VALUES(4,'admin','0002_logentry_remove_auto_add','2020-12-03 14:12:18.413201');
INSERT INTO django_migrations VALUES(5,'admin','0003_logentry_add_action_flag_choices','2020-12-03 14:12:18.433508');
INSERT INTO django_migrations VALUES(6,'contenttypes','0002_remove_content_type_name','2020-12-03 14:12:18.463116');
INSERT INTO django_migrations VALUES(7,'auth','0002_alter_permission_name_max_length','2020-12-03 14:12:18.478681');
INSERT INTO django_migrations VALUES(8,'auth','0003_alter_user_email_max_length','2020-12-03 14:12:18.494505');
INSERT INTO django_migrations VALUES(9,'auth','0004_alter_user_username_opts','2020-12-03 14:12:18.513617');
INSERT INTO django_migrations VALUES(10,'auth','0005_alter_user_last_login_null','2020-12-03 14:12:18.530824');
INSERT INTO django_migrations VALUES(11,'auth','0006_require_contenttypes_0002','2020-12-03 14:12:18.535996');
INSERT INTO django_migrations VALUES(12,'auth','0007_alter_validators_add_error_messages','2020-12-03 14:12:18.553208');
INSERT INTO django_migrations VALUES(13,'auth','0008_alter_user_username_max_length','2020-12-03 14:12:18.569890');
INSERT INTO django_migrations VALUES(14,'auth','0009_alter_user_last_name_max_length','2020-12-03 14:12:18.585231');
INSERT INTO django_migrations VALUES(15,'auth','0010_alter_group_name_max_length','2020-12-03 14:12:18.602701');
INSERT INTO django_migrations VALUES(16,'auth','0011_update_proxy_permissions','2020-12-03 14:12:18.620860');
INSERT INTO django_migrations VALUES(17,'auth','0012_alter_user_first_name_max_length','2020-12-03 14:12:18.637325');
INSERT INTO django_migrations VALUES(18,'products','0001_initial','2020-12-03 14:12:18.646491');
INSERT INTO django_migrations VALUES(19,'products','0002_auto_20201116_1748','2020-12-03 14:12:18.679388');
INSERT INTO django_migrations VALUES(20,'products','0003_auto_20201116_1750','2020-12-03 14:12:18.691958');
INSERT INTO django_migrations VALUES(21,'products','0004_auto_20201116_1754','2020-12-03 14:12:18.704018');
INSERT INTO django_migrations VALUES(22,'products','0005_auto_20201118_1434','2020-12-03 14:12:18.718441');
INSERT INTO django_migrations VALUES(23,'orders','0001_initial','2020-12-03 14:12:18.735360');
INSERT INTO django_migrations VALUES(24,'orders','0002_auto_20201118_1729','2020-12-03 14:12:18.751682');
INSERT INTO django_migrations VALUES(25,'orders','0003_auto_20201118_1809','2020-12-03 14:12:18.796560');
INSERT INTO django_migrations VALUES(26,'products','0006_auto_20201118_1809','2020-12-03 14:12:18.816241');
INSERT INTO django_migrations VALUES(27,'products','0007_auto_20201118_1815','2020-12-03 14:12:18.829977');
INSERT INTO django_migrations VALUES(28,'sessions','0001_initial','2020-12-03 14:12:18.838752');
CREATE TABLE IF NOT EXISTS "auth_group_permissions" ("id" integer NOT NULL PRIMARY KEY AUTOINCREMENT, "group_id" integer NOT NULL REFERENCES "auth_group" ("id") DEFERRABLE INITIALLY DEFERRED, "permission_id" integer NOT NULL REFERENCES "auth_permission" ("id") DEFERRABLE INITIALLY DEFERRED);
CREATE TABLE IF NOT EXISTS "auth_user_groups" ("id" integer NOT NULL PRIMARY KEY AUTOINCREMENT, "user_id" integer NOT NULL REFERENCES "auth_user" ("id") DEFERRABLE INITIALLY DEFERRED, "group_id" integer NOT NULL REFERENCES "auth_group" ("id") DEFERRABLE INITIALLY DEFERRED);
CREATE TABLE IF NOT EXISTS "auth_user_user_permissions" ("id" integer NOT NULL PRIMARY KEY AUTOINCREMENT, "user_id" integer NOT NULL REFERENCES "auth_user" ("id") DEFERRABLE INITIALLY DEFERRED, "permission_id" integer NOT NULL REFERENCES "auth_permission" ("id") DEFERRABLE INITIALLY DEFERRED);
CREATE TABLE IF NOT EXISTS "django_admin_log" ("id" integer NOT NULL PRIMARY KEY AUTOINCREMENT, "action_time" datetime NOT NULL, "object_id" text NULL, "object_repr" varchar(200) NOT NULL, "change_message" text NOT NULL, "content_type_id" integer NULL REFERENCES "django_content_type" ("id") DEFERRABLE INITIALLY DEFERRED, "user_id" integer NOT NULL REFERENCES "auth_user" ("id") DEFERRABLE INITIALLY DEFERRED, "action_flag" smallint unsigned NOT NULL CHECK ("action_flag" >= 0));
CREATE TABLE IF NOT EXISTS "django_content_type" ("id" integer NOT NULL PRIMARY KEY AUTOINCREMENT, "app_label" varchar(100) NOT NULL, "model" varchar(100) NOT NULL);
INSERT INTO django_content_type VALUES(1,'products','product');
INSERT INTO django_content_type VALUES(2,'products','category');
INSERT INTO django_content_type VALUES(3,'orders','order');
INSERT INTO django_content_type VALUES(4,'orders','orderrow');
INSERT INTO django_content_type VALUES(5,'admin','logentry');
INSERT INTO django_content_type VALUES(6,'auth','permission');
INSERT INTO django_content_type VALUES(7,'auth','group');
INSERT INTO django_content_type VALUES(8,'auth','user');
INSERT INTO django_content_type VALUES(9,'contenttypes','contenttype');
INSERT INTO django_content_type VALUES(10,'sessions','session');
CREATE TABLE IF NOT EXISTS "auth_permission" ("id" integer NOT NULL PRIMARY KEY AUTOINCREMENT, "content_type_id" integer NOT NULL REFERENCES "django_content_type" ("id") DEFERRABLE INITIALLY DEFERRED, "codename" varchar(100) NOT NULL, "name" varchar(255) NOT NULL);
INSERT INTO auth_permission VALUES(1,1,'add_product','Can add product');
INSERT INTO auth_permission VALUES(2,1,'change_product','Can change product');
INSERT INTO auth_permission VALUES(3,1,'delete_product','Can delete product');
INSERT INTO auth_permission VALUES(4,1,'view_product','Can view product');
INSERT INTO auth_permission VALUES(5,2,'add_category','Can add category');
INSERT INTO auth_permission VALUES(6,2,'change_category','Can change category');
INSERT INTO auth_permission VALUES(7,2,'delete_category','Can delete category');
INSERT INTO auth_permission VALUES(8,2,'view_category','Can view category');
INSERT INTO auth_permission VALUES(9,3,'add_order','Can add order');
INSERT INTO auth_permission VALUES(10,3,'change_order','Can change order');
INSERT INTO auth_permission VALUES(11,3,'delete_order','Can delete order');
INSERT INTO auth_permission VALUES(12,3,'view_order','Can view order');
INSERT INTO auth_permission VALUES(13,4,'add_orderrow','Can add order row');
INSERT INTO auth_permission VALUES(14,4,'change_orderrow','Can change order row');
INSERT INTO auth_permission VALUES(15,4,'delete_orderrow','Can delete order row');
INSERT INTO auth_permission VALUES(16,4,'view_orderrow','Can view order row');
INSERT INTO auth_permission VALUES(17,5,'add_logentry','Can add log entry');
INSERT INTO auth_permission VALUES(18,5,'change_logentry','Can change log entry');
INSERT INTO auth_permission VALUES(19,5,'delete_logentry','Can delete log entry');
INSERT INTO auth_permission VALUES(20,5,'view_logentry','Can view log entry');
INSERT INTO auth_permission VALUES(21,6,'add_permission','Can add permission');
INSERT INTO auth_permission VALUES(22,6,'change_permission','Can change permission');
INSERT INTO auth_permission VALUES(23,6,'delete_permission','Can delete permission');
INSERT INTO auth_permission VALUES(24,6,'view_permission','Can view permission');
INSERT INTO auth_permission VALUES(25,7,'add_group','Can add group');
INSERT INTO auth_permission VALUES(26,7,'change_group','Can change group');
INSERT INTO auth_permission VALUES(27,7,'delete_group','Can delete group');
INSERT INTO auth_permission VALUES(28,7,'view_group','Can view group');
INSERT INTO auth_permission VALUES(29,8,'add_user','Can add user');
INSERT INTO auth_permission VALUES(30,8,'change_user','Can change user');
INSERT INTO auth_permission VALUES(31,8,'delete_user','Can delete user');
INSERT INTO auth_permission VALUES(32,8,'view_user','Can view user');
INSERT INTO auth_permission VALUES(33,9,'add_contenttype','Can add content type');
INSERT INTO auth_permission VALUES(34,9,'change_contenttype','Can change content type');
INSERT INTO auth_permission VALUES(35,9,'delete_contenttype','Can delete content type');
INSERT INTO auth_permission VALUES(36,9,'view_contenttype','Can view content type');
INSERT INTO auth_permission VALUES(37,10,'add_session','Can add session');
INSERT INTO auth_permission VALUES(38,10,'change_session','Can change session');
INSERT INTO auth_permission VALUES(39,10,'delete_session','Can delete session');
INSERT INTO auth_permission VALUES(40,10,'view_session','Can view session');
CREATE TABLE IF NOT EXISTS "auth_group" ("id" integer NOT NULL PRIMARY KEY AUTOINCREMENT, "name" varchar(150) NOT NULL UNIQUE);
CREATE TABLE IF NOT EXISTS "auth_user" ("id" integer NOT NULL PRIMARY KEY AUTOINCREMENT, "password" varchar(128) NOT NULL, "last_login" datetime NULL, "is_superuser" bool NOT NULL, "username" varchar(150) NOT NULL UNIQUE, "last_name" varchar(150) NOT NULL, "email" varchar(254) NOT NULL, "is_staff" bool NOT NULL, "is_active" bool NOT NULL, "date_joined" datetime NOT NULL, "first_name" varchar(150) NOT NULL);
INSERT INTO auth_user VALUES(1,'pbkdf2_sha256$216000$ZK5Qy5deXa9P$VCl36IiC7xdYmLF8G+eizStqXGygywiW/xrZ2Qp9ZZA=','2020-12-03 14:13:56.645610',1,'admin','','test@test.com',1,1,'2020-12-03 14:13:47.937970','');
CREATE TABLE IF NOT EXISTS "products_product" ("id" integer NOT NULL PRIMARY KEY AUTOINCREMENT, "name" varchar(255) NOT NULL, "description" text NOT NULL, "image" varchar(100) NULL, "price" real NOT NULL, "quantity" integer unsigned NOT NULL CHECK ("quantity" >= 0), "updated" datetime NOT NULL, "created" datetime NOT NULL, "slug" varchar(50) NOT NULL UNIQUE);
CREATE TABLE IF NOT EXISTS "products_product_category" ("id" integer NOT NULL PRIMARY KEY AUTOINCREMENT, "product_id" integer NOT NULL REFERENCES "products_product" ("id") DEFERRABLE INITIALLY DEFERRED, "category_id" integer NOT NULL REFERENCES "products_category" ("id") DEFERRABLE INITIALLY DEFERRED);
CREATE TABLE IF NOT EXISTS "orders_order" ("id" integer NOT NULL PRIMARY KEY AUTOINCREMENT, "status" varchar(10) NOT NULL, "created" datetime NOT NULL, "updated" datetime NOT NULL);
CREATE TABLE IF NOT EXISTS "orders_orderrow" ("id" integer NOT NULL PRIMARY KEY AUTOINCREMENT, "sum" decimal NOT NULL, "quantity" integer unsigned NOT NULL CHECK ("quantity" >= 0), "order_id_id" integer NOT NULL REFERENCES "orders_order" ("id") DEFERRABLE INITIALLY DEFERRED, "product_id_id" integer NULL REFERENCES "products_product" ("id") DEFERRABLE INITIALLY DEFERRED, "created" datetime NOT NULL, "updated" datetime NOT NULL);
CREATE TABLE IF NOT EXISTS "products_category" ("id" integer NOT NULL PRIMARY KEY AUTOINCREMENT, "description" text NOT NULL, "slug" varchar(50) NOT NULL UNIQUE, "name" varchar(255) NOT NULL);
CREATE TABLE IF NOT EXISTS "django_session" ("session_key" varchar(40) NOT NULL PRIMARY KEY, "session_data" text NOT NULL, "expire_date" datetime NOT NULL);
INSERT INTO django_session VALUES('z5dnefrbpa8u0eoj6wi2bs407aw3o6zk','.eJxVjEEOwiAQRe_C2pBhgCIu3fcMZGBAqoYmpV0Z765NutDtf-_9lwi0rTVsPS9hYnERSpx-t0jpkdsO-E7tNss0t3WZotwVedAux5nz83q4fweVev3WEE1UAAkMecJoOdrE2ttitIeE2SFoiwhnV3gokPxgkEmb7I3SqJx4fwDRQjby:1kkpMq:JB_Pqfy77IeedvOFZ5UEaKmxI90WCxs4s2XzDOQaPFA','2020-12-17 14:13:56.652214');
DELETE FROM sqlite_sequence;
INSERT INTO sqlite_sequence VALUES('django_migrations',28);
INSERT INTO sqlite_sequence VALUES('django_admin_log',0);
INSERT INTO sqlite_sequence VALUES('django_content_type',10);
INSERT INTO sqlite_sequence VALUES('auth_permission',40);
INSERT INTO sqlite_sequence VALUES('auth_group',0);
INSERT INTO sqlite_sequence VALUES('auth_user',1);
INSERT INTO sqlite_sequence VALUES('products_product',0);
INSERT INTO sqlite_sequence VALUES('orders_order',0);
INSERT INTO sqlite_sequence VALUES('orders_orderrow',0);
INSERT INTO sqlite_sequence VALUES('products_category',0);
CREATE UNIQUE INDEX "auth_group_permissions_group_id_permission_id_0cd325b0_uniq" ON "auth_group_permissions" ("group_id", "permission_id");
CREATE INDEX "auth_group_permissions_group_id_b120cbf9" ON "auth_group_permissions" ("group_id");
CREATE INDEX "auth_group_permissions_permission_id_84c5c92e" ON "auth_group_permissions" ("permission_id");
CREATE UNIQUE INDEX "auth_user_groups_user_id_group_id_94350c0c_uniq" ON "auth_user_groups" ("user_id", "group_id");
CREATE INDEX "auth_user_groups_user_id_6a12ed8b" ON "auth_user_groups" ("user_id");
CREATE INDEX "auth_user_groups_group_id_97559544" ON "auth_user_groups" ("group_id");
CREATE UNIQUE INDEX "auth_user_user_permissions_user_id_permission_id_14a6b632_uniq" ON "auth_user_user_permissions" ("user_id", "permission_id");
CREATE INDEX "auth_user_user_permissions_user_id_a95ead1b" ON "auth_user_user_permissions" ("user_id");
CREATE INDEX "auth_user_user_permissions_permission_id_1fbb5f2c" ON "auth_user_user_permissions" ("permission_id");
CREATE INDEX "django_admin_log_content_type_id_c4bce8eb" ON "django_admin_log" ("content_type_id");
CREATE INDEX "django_admin_log_user_id_c564eba6" ON "django_admin_log" ("user_id");
CREATE UNIQUE INDEX "django_content_type_app_label_model_76bd3d3b_uniq" ON "django_content_type" ("app_label", "model");
CREATE UNIQUE INDEX "auth_permission_content_type_id_codename_01ab375a_uniq" ON "auth_permission" ("content_type_id", "codename");
CREATE INDEX "auth_permission_content_type_id_2f476e4b" ON "auth_permission" ("content_type_id");
CREATE UNIQUE INDEX "products_product_category_product_id_category_id_99b99489_uniq" ON "products_product_category" ("product_id", "category_id");
CREATE INDEX "products_product_category_product_id_08fb2842" ON "products_product_category" ("product_id");
CREATE INDEX "products_product_category_category_id_6bd7b606" ON "products_product_category" ("category_id");
CREATE INDEX "orders_orderrow_order_id_id_6251927f" ON "orders_orderrow" ("order_id_id");
CREATE INDEX "orders_orderrow_product_id_id_a0a567aa" ON "orders_orderrow" ("product_id_id");
CREATE INDEX "django_session_expire_date_a5c62663" ON "django_session" ("expire_date");
COMMIT;
